-- phpMyAdmin SQL Dump
-- version 5.1.0
-- https://www.phpmyadmin.net/
--
-- Host: 127.0.0.1
-- Generation Time: Sep 10, 2021 at 01:23 AM
-- Server version: 10.4.19-MariaDB
-- PHP Version: 7.3.28

SET SQL_MODE = "NO_AUTO_VALUE_ON_ZERO";
START TRANSACTION;
SET time_zone = "+00:00";


/*!40101 SET @OLD_CHARACTER_SET_CLIENT=@@CHARACTER_SET_CLIENT */;
/*!40101 SET @OLD_CHARACTER_SET_RESULTS=@@CHARACTER_SET_RESULTS */;
/*!40101 SET @OLD_COLLATION_CONNECTION=@@COLLATION_CONNECTION */;
/*!40101 SET NAMES utf8mb4 */;

--
-- Database: `food-order`
--

-- --------------------------------------------------------

--
-- Table structure for table `tbl_admin`
--

CREATE TABLE `tbl_admin` (
  `id` int(10) UNSIGNED NOT NULL,
  `full_name` varchar(100) NOT NULL,
  `username` varchar(100) NOT NULL,
  `password` varchar(255) NOT NULL
) ENGINE=InnoDB DEFAULT CHARSET=utf8;

--
-- Dumping data for table `tbl_admin`
--

INSERT INTO `tbl_admin` (`id`, `full_name`, `username`, `password`) VALUES
(1, 'ravee nana', 'ravee', 'f3ed11bbdb94fd9ebdefbaf646ab94d3'),
(9, 'dima', 'dima', 'f3ed11bbdb94fd9ebdefbaf646ab94d3'),
(12, 'Administrator', 'admin', '21232f297a57a5a743894a0e4a801fc3');

-- --------------------------------------------------------

--
-- Table structure for table `tbl_category`
--

CREATE TABLE `tbl_category` (
  `id` int(10) UNSIGNED NOT NULL,
  `title` varchar(100) NOT NULL,
  `image_name` varchar(255) NOT NULL,
  `featured` varchar(10) NOT NULL,
  `active` varchar(10) NOT NULL
) ENGINE=InnoDB DEFAULT CHARSET=utf8;

--
-- Dumping data for table `tbl_category`
--

INSERT INTO `tbl_category` (`id`, `title`, `image_name`, `featured`, `active`) VALUES
(4, 'Breakfast', 'Food_Category_78.png', 'Yes', 'Yes'),
(9, 'Lunch', 'Food_Category_883.png', 'Yes', 'Yes'),
(10, 'Dinner', 'Food_Category_816.png', 'Yes', 'Yes');

-- --------------------------------------------------------

--
-- Table structure for table `tbl_food`
--

CREATE TABLE `tbl_food` (
  `id` int(10) UNSIGNED NOT NULL,
  `title` varchar(100) NOT NULL,
  `description` text NOT NULL,
  `price` decimal(10,2) NOT NULL,
  `image_name` varchar(255) NOT NULL,
  `category_id` int(10) UNSIGNED NOT NULL,
  `featured` varchar(10) NOT NULL,
  `active` varchar(10) NOT NULL
) ENGINE=InnoDB DEFAULT CHARSET=utf8;

--
-- Dumping data for table `tbl_food`
--

INSERT INTO `tbl_food` (`id`, `title`, `description`, `price`, `image_name`, `category_id`, `featured`, `active`) VALUES
(3, 'Dumplings Specials', 'Chicken Dumpling with herbs from Mountains', '5.00', 'Food-Name-3649.jpg', 4, 'Yes', 'Yes'),
(4, 'Best Burger', 'Burger with Ham, Pineapple and lots of Cheese.', '4.00', 'Food-Name-6340.jpg', 9, 'Yes', 'Yes'),
(5, 'Smoky BBQ Pizza', 'Best Firewood Pizza in Town.', '6.00', 'Food-Name-8298.jpg', 4, 'No', 'Yes'),
(6, 'Sadeko Momo', 'Best Spicy Momo for Winter', '6.00', 'Food-Name-7387.jpg', 6, 'Yes', 'Yes'),
(7, 'Mixed Pizza', 'Pizza with chicken, Ham, Buff, Mushroom and Vegetables', '10.00', 'Food-Name-7833.jpg', 9, 'Yes', 'Yes'),
(8, 'Sed ipsum cillum in', 'Sed aut officiis qui', '52.00', '', 5, 'No', 'No'),
(9, 'Pancakes', 'American pancakes', '12.00', 'Food-Name-1489.png', 4, 'Yes', 'Yes'),
(10, 'Woffles', 'Woffles for breakfast only', '20.00', 'Food-Name-9452.png', 4, 'Yes', 'Yes'),
(11, 'Classic America breakfast', 'Classic America breakfast', '34.00', 'Food-Name-7832.png', 4, 'Yes', 'Yes'),
(12, 'Salad bowl', 'lunch and dinner only', '25.00', 'Food-Name-1024.png', 9, 'Yes', 'Yes'),
(13, 'Fried Chicken and mash potato', 'Lunch only', '45.00', 'Food-Name-1412.png', 9, 'Yes', 'Yes'),
(14, 'Grill Beef and mash potato', 'lunch and dinner only', '50.00', 'Food-Name-1968.png', 9, 'Yes', 'Yes'),
(15, 'Rice bowl', 'lunch only', '38.00', 'Food-Name-4007.png', 9, 'Yes', 'Yes'),
(16, 'Grilled labster', 'dinner only', '55.00', 'Food-Name-3460.png', 10, 'Yes', 'Yes'),
(17, 'Special dish for dinner', 'Special dish for dinner', '33.00', 'Food-Name-3303.png', 10, 'Yes', 'Yes'),
(18, 'Healthy salad dish', 'Healthy salad dish', '40.00', 'Food-Name-4396.png', 10, 'Yes', 'Yes'),
(19, 'Meat bowls', '', '33.00', 'Food-Name-3242.png', 10, 'Yes', 'Yes');

-- --------------------------------------------------------

--
-- Table structure for table `tbl_order`
--

CREATE TABLE `tbl_order` (
  `id` int(10) UNSIGNED NOT NULL,
  `food` varchar(150) NOT NULL,
  `price` decimal(10,2) NOT NULL,
  `qty` int(11) NOT NULL,
  `total` decimal(10,2) NOT NULL,
  `order_date` datetime NOT NULL,
  `status` varchar(50) NOT NULL,
  `customer_name` varchar(150) NOT NULL,
  `customer_contact` varchar(20) NOT NULL,
  `customer_email` varchar(150) NOT NULL,
  `customer_address` varchar(255) NOT NULL
) ENGINE=InnoDB DEFAULT CHARSET=utf8;

--
-- Dumping data for table `tbl_order`
--

INSERT INTO `tbl_order` (`id`, `food`, `price`, `qty`, `total`, `order_date`, `status`, `customer_name`, `customer_contact`, `customer_email`, `customer_address`) VALUES
(1, 'Sadeko Momo', '6.00', 3, '18.00', '2020-11-30 03:49:48', 'Cancelled', 'Bradley Farrell', '+1 (576) 504-4657', 'zuhafiq@mailinator.com', 'Duis aliqua Qui lor'),
(2, 'Best Burger', '4.00', 4, '16.00', '2020-11-30 03:52:43', 'Delivered', 'Kelly Dillard', '+1 (908) 914-3106', 'fexekihor@mailinator.com', 'Incidunt ipsum ad d'),
(3, 'Mixed Pizza', '10.00', 2, '20.00', '2020-11-30 04:07:17', 'Delivered', 'Jana Bush', '+1 (562) 101-2028', 'tydujy@mailinator.com', 'Minima iure ducimus');

--
-- Indexes for dumped tables
--

--
-- Indexes for table `tbl_admin`
--
ALTER TABLE `tbl_admin`
  ADD PRIMARY KEY (`id`);

--
-- Indexes for table `tbl_category`
--
ALTER TABLE `tbl_category`
  ADD PRIMARY KEY (`id`);

--
-- Indexes for table `tbl_food`
--
ALTER TABLE `tbl_food`
  ADD PRIMARY KEY (`id`);

--
-- Indexes for table `tbl_order`
--
ALTER TABLE `tbl_order`
  ADD PRIMARY KEY (`id`);

--
-- AUTO_INCREMENT for dumped tables
--

--
-- AUTO_INCREMENT for table `tbl_admin`
--
ALTER TABLE `tbl_admin`
  MODIFY `id` int(10) UNSIGNED NOT NULL AUTO_INCREMENT, AUTO_INCREMENT=13;

--
-- AUTO_INCREMENT for table `tbl_category`
--
ALTER TABLE `tbl_category`
  MODIFY `id` int(10) UNSIGNED NOT NULL AUTO_INCREMENT, AUTO_INCREMENT=11;

--
-- AUTO_INCREMENT for table `tbl_food`
--
ALTER TABLE `tbl_food`
  MODIFY `id` int(10) UNSIGNED NOT NULL AUTO_INCREMENT, AUTO_INCREMENT=20;

--
-- AUTO_INCREMENT for table `tbl_order`
--
ALTER TABLE `tbl_order`
  MODIFY `id` int(10) UNSIGNED NOT NULL AUTO_INCREMENT, AUTO_INCREMENT=4;
COMMIT;

/*!40101 SET CHARACTER_SET_CLIENT=@OLD_CHARACTER_SET_CLIENT */;
/*!40101 SET CHARACTER_SET_RESULTS=@OLD_CHARACTER_SET_RESULTS */;
/*!40101 SET COLLATION_CONNECTION=@OLD_COLLATION_CONNECTION */;
